{"cameraMode":{"drawMode":0,"name":"Shaded","section":"Shading Mode"},"sceneLighting":true,"audioPlay":false,"sceneViewState":{"showFog":false,"showMaterialUpdate":false,"showSkybox":false,"showFlares":false,"showImageEffects":false,"showParticleSystems":true},"in2DMode":false,"pivot":{"x":0.5213176012039185,"y":0.2089729905128479,"z":-2.798590660095215},"rotation":{"x":-0.6807284355163574,"y":0.008128093555569649,"z":-0.0075556435622274879,"w":-0.7324581146240234},"size":16.119009017944337,"orthographic":false}