{"cameraMode":{"drawMode":0,"name":"Shaded","section":"Shading Mode"},"sceneLighting":true,"audioPlay":false,"sceneViewState":{"showFog":true,"showMaterialUpdate":false,"showSkybox":true,"showFlares":true,"showImageEffects":true,"showParticleSystems":true,"showVisualEffectGraphs":true,"m_FxEnabled":true},"in2DMode":false,"pivot":{"x":419.3362121582031,"y":137.58889770507813,"z":-4.52227783203125},"rotation":{"x":-0.03330537676811218,"y":-0.006902935914695263,"z":0.00022007973166182637,"w":-0.9994922280311585},"size":183.6349334716797,"orthographic":false}