{"cameraMode":{"drawMode":0,"name":"Shaded","section":"Shading Mode"},"sceneLighting":false,"audioPlay":false,"sceneViewState":{"showFog":true,"showMaterialUpdate":false,"showSkybox":false,"showFlares":true,"showImageEffects":true,"showParticleSystems":true},"in2DMode":false,"pivot":{"x":-3.969619035720825,"y":1.9619245529174805,"z":-8.54220962524414},"rotation":{"x":-0.5077081322669983,"y":-0.49180474877357485,"z":0.5154212117195129,"w":-0.4845094084739685},"size":30.8336124420166,"orthographic":false}