{"cameraMode":{"drawMode":0,"name":"Shaded","section":"Shading Mode"},"sceneLighting":false,"audioPlay":false,"sceneViewState":{"showFog":true,"showMaterialUpdate":false,"showSkybox":false,"showFlares":true,"showImageEffects":true,"showParticleSystems":true},"in2DMode":false,"pivot":{"x":-0.7524888515472412,"y":3.3482532501220705,"z":-0.2018418312072754},"rotation":{"x":-0.006003988441079855,"y":0.7242577075958252,"z":-0.6894881129264832,"w":-0.006295418366789818},"size":22.788578033447267,"orthographic":false}