{"cameraMode":{"drawMode":0,"name":"Shaded","section":"Shading Mode"},"sceneLighting":false,"audioPlay":false,"sceneViewState":{"showFog":false,"showMaterialUpdate":false,"showSkybox":false,"showFlares":false,"showImageEffects":false,"showParticleSystems":true},"in2DMode":false,"pivot":{"x":6.619999408721924,"y":2.712529182434082,"z":-40.41200637817383},"rotation":{"x":-0.02996770106256008,"y":0.30766555666923525,"z":-0.009695375338196755,"w":-0.9509731531143189},"size":10.882217407226563,"orthographic":false}