{"cameraMode":{"drawMode":0,"name":"Shaded","section":"Shading Mode"},"sceneLighting":true,"audioPlay":false,"sceneViewState":{"showFog":false,"showMaterialUpdate":false,"showSkybox":false,"showFlares":false,"showImageEffects":false,"showParticleSystems":true},"in2DMode":false,"pivot":{"x":3.087611198425293,"y":2.5573205947875978,"z":-29.98166275024414},"rotation":{"x":-0.040168263018131259,"y":-0.7683702707290649,"z":-0.048460546880960467,"w":0.636902928352356},"size":40.010372161865237,"orthographic":false}