{"cameraMode":{"drawMode":0,"name":"Shaded","section":"Shading Mode"},"sceneLighting":true,"audioPlay":false,"sceneViewState":{"showFog":false,"showMaterialUpdate":false,"showSkybox":false,"showFlares":false,"showImageEffects":false,"showParticleSystems":true},"in2DMode":false,"pivot":{"x":0.055623382329940799,"y":-0.15643835067749024,"z":-3.7500011920928957},"rotation":{"x":-0.010108237154781819,"y":-0.9853696823120117,"z":0.15802277624607087,"w":-0.06303466856479645},"size":7.931638240814209,"orthographic":false}