{"cameraMode":{"drawMode":0,"name":"Shaded","section":"Shading Mode"},"sceneLighting":true,"audioPlay":false,"sceneViewState":{"showFog":false,"showMaterialUpdate":false,"showSkybox":false,"showFlares":false,"showImageEffects":false,"showParticleSystems":true},"in2DMode":false,"pivot":{"x":282.1326599121094,"y":797.456787109375,"z":8.925079345703125},"rotation":{"x":-0.060264840722084048,"y":-0.018305102363228799,"z":0.001320593641139567,"w":-0.9981228709220886},"size":1055.4613037109375,"orthographic":false}