{"cameraMode":{"drawMode":0,"name":"Shaded","section":"Shading Mode"},"sceneLighting":false,"audioPlay":false,"sceneViewState":{"showFog":false,"showMaterialUpdate":false,"showSkybox":false,"showFlares":false,"showImageEffects":false,"showParticleSystems":true},"in2DMode":false,"pivot":{"x":0.0,"y":0.30000001192092898,"z":3.2799999713897707},"rotation":{"x":-0.04529609531164169,"y":0.010458164848387242,"z":-0.0003641951479949057,"w":-0.9990072846412659},"size":3.1695468425750734,"orthographic":false}